{
  "n_clusters": 7,
  "seq_length": 10,
  "difficulty_levels": 10,
  "hidden_size": 128,
  "ensemble_alpha": 0.6,
  "input_size": 23,
  "p_l0": {
    "BUD10_01_01": 0.05,
    "BUD10_01_02": 0.05,
    "BUD10_01_03": 0.8500000000000002,
    "BUD10_02_01": 0.05,
    "BUD10_02_02": 0.8500000000000002
  },
  "p_guess": {
    "BUD10_01_01": 0.05,
    "BUD10_01_02": 0.15000000000000002,
    "BUD10_01_03": 0.35000000000000003,
    "BUD10_02_01": 0.05,
    "BUD10_02_02": 0.05
  },
  "p_slip": {
    "BUD10_01_01": 0.15000000000000002,
    "BUD10_01_02": 0.25000000000000006,
    "BUD10_01_03": 0.25000000000000006,
    "BUD10_02_01": 0.15000000000000002,
    "BUD10_02_02": 0.15000000000000002
  },
  "p_transit": {
    "BUD10_01_01": 0.45000000000000007,
    "BUD10_01_02": 0.45000000000000007,
    "BUD10_01_03": 0.45000000000000007,
    "BUD10_02_01": 0.45000000000000007,
    "BUD10_02_02": 0.15000000000000002
  },
  "p_know": {
    "synth_student_000": {
      "BUD10_01_01": 0.95,
      "BUD10_02_02": 0.95,
      "BUD10_02_01": 0.95,
      "BUD10_01_03": 0.95,
      "BUD10_01_02": 0.95
    },
    "synth_student_001": {
      "BUD10_02_01": 0.95,
      "BUD10_01_03": 0.95,
      "BUD10_01_01": 0.95,
      "BUD10_02_02": 0.95,
      "BUD10_01_02": 0.95
    },
    "synth_student_002": {
      "BUD10_01_01": 0.95,
      "BUD10_02_01": 0.95,
      "BUD10_01_03": 0.95,
      "BUD10_01_02": 0.95,
      "BUD10_02_02": 0.95
    },
    "synth_student_003": {
      "BUD10_01_03": 0.9067093059323825,
      "BUD10_02_02": 0.17815309501335552,
      "BUD10_02_01": 0.95,
      "BUD10_01_01": 0.95,
      "BUD10_01_02": 0.916517857142857
    },
    "synth_student_004": {
      "BUD10_01_03": 0.95,
      "BUD10_02_02": 0.95,
      "BUD10_02_01": 0.95,
      "BUD10_01_02": 0.95,
      "BUD10_01_01": 0.95
    },
    "synth_student_005": {
      "BUD10_01_03": 0.95,
      "BUD10_02_01": 0.95,
      "BUD10_02_02": 0.95,
      "BUD10_01_01": 0.95,
      "BUD10_01_02": 0.95
    },
    "synth_student_006": {
      "BUD10_01_03": 0.9337962962962962,
      "BUD10_02_01": 0.95,
      "BUD10_01_02": 0.95,
      "BUD10_02_02": 0.95,
      "BUD10_01_01": 0.95
    },
    "synth_student_007": {
      "BUD10_01_01": 0.95,
      "BUD10_01_02": 0.95,
      "BUD10_02_02": 0.95,
      "BUD10_01_03": 0.95,
      "BUD10_02_01": 0.95
    },
    "synth_student_008": {
      "BUD10_01_01": 0.7236778846153846,
      "BUD10_02_02": 0.95,
      "BUD10_02_01": 0.95,
      "BUD10_01_02": 0.95,
      "BUD10_01_03": 0.95
    },
    "synth_student_009": {
      "BUD10_02_01": 0.95,
      "BUD10_01_02": 0.95,
      "BUD10_02_02": 0.95,
      "BUD10_01_03": 0.95,
      "BUD10_01_01": 0.95
    },
    "synth_student_010": {
      "BUD10_01_02": 0.95,
      "BUD10_02_02": 0.95,
      "BUD10_02_01": 0.95,
      "BUD10_01_03": 0.95,
      "BUD10_01_01": 0.95
    }
  },
  "student_clusters": {
    "synth_student_000": 2,
    "synth_student_001": 2,
    "synth_student_002": 5,
    "synth_student_003": 6,
    "synth_student_004": 0,
    "synth_student_005": 5,
    "synth_student_006": 1,
    "synth_student_007": 2,
    "synth_student_008": 4,
    "synth_student_009": 0,
    "synth_student_010": 3
  },
  "problem_difficulties": {
    "BUD10_01_01": 7,
    "BUD10_01_02": 7,
    "BUD10_01_03": 7,
    "BUD10_02_01": 7,
    "BUD10_02_02": 6
  },
  "kc_ids": [
    "BUD10_01_01",
    "BUD10_01_02",
    "BUD10_01_03",
    "BUD10_02_01",
    "BUD10_02_02"
  ],
  "kc_to_idx": {
    "BUD10_01_01": 0,
    "BUD10_01_02": 1,
    "BUD10_01_03": 2,
    "BUD10_02_01": 3,
    "BUD10_02_02": 4
  },
  "student_ids": [
    "synth_student_000",
    "synth_student_001",
    "synth_student_002",
    "synth_student_003",
    "synth_student_004",
    "synth_student_005",
    "synth_student_006",
    "synth_student_007",
    "synth_student_008",
    "synth_student_009",
    "synth_student_010"
  ],
  "is_fitted": true
}