{
  "n_clusters": 7,
  "seq_length": 10,
  "difficulty_levels": 10,
  "hidden_size": 128,
  "ensemble_alpha": 0.6,
  "input_size": 21,
  "p_l0": {
    "BUD10_01_01": 0.05,
    "BUD10_01_02": 0.8500000000000002,
    "BUD10_01_03": 0.8500000000000002
  },
  "p_guess": {
    "BUD10_01_01": 0.35000000000000003,
    "BUD10_01_02": 0.35000000000000003,
    "BUD10_01_03": 0.35000000000000003
  },
  "p_slip": {
    "BUD10_01_01": 0.25000000000000006,
    "BUD10_01_02": 0.25000000000000006,
    "BUD10_01_03": 0.25000000000000006
  },
  "p_transit": {
    "BUD10_01_01": 0.05,
    "BUD10_01_02": 0.45000000000000007,
    "BUD10_01_03": 0.45000000000000007
  },
  "p_know": {
    "384d7cc5-4d2b-4b80-a3a2-d9dd9ea27844": {
      "BUD10_01_01": 0.13178713365751668,
      "BUD10_01_02": 0.95,
      "BUD10_01_03": 0.95
    },
    "c280368d-e310-48df-abed-ae4d24dd8bfe": {
      "BUD10_01_01": 0.20454020718528165,
      "BUD10_01_02": 0.9143963496316142,
      "BUD10_01_03": 0.95
    },
    "cb2dbf74-3844-4bf4-ab08-2663607d532d": {
      "BUD10_01_01": 0.3936804018476461,
      "BUD10_01_02": 0.95,
      "BUD10_01_03": 0.9337962962962962
    },
    "c246690d-0695-4ba3-860a-39d04307bb38": {
      "BUD10_01_01": 0.30513769434336757
    }
  },
  "student_clusters": {
    "384d7cc5-4d2b-4b80-a3a2-d9dd9ea27844": 2,
    "c246690d-0695-4ba3-860a-39d04307bb38": 0,
    "c280368d-e310-48df-abed-ae4d24dd8bfe": 3,
    "cb2dbf74-3844-4bf4-ab08-2663607d532d": 1
  },
  "problem_difficulties": {
    "BUD10_01_01": 4,
    "BUD10_01_02": 6,
    "BUD10_01_03": 6
  },
  "kc_ids": [
    "BUD10_01_01",
    "BUD10_01_02",
    "BUD10_01_03"
  ],
  "kc_to_idx": {
    "BUD10_01_01": 0,
    "BUD10_01_02": 1,
    "BUD10_01_03": 2
  },
  "student_ids": [
    "384d7cc5-4d2b-4b80-a3a2-d9dd9ea27844",
    "c246690d-0695-4ba3-860a-39d04307bb38",
    "c280368d-e310-48df-abed-ae4d24dd8bfe",
    "cb2dbf74-3844-4bf4-ab08-2663607d532d"
  ],
  "is_fitted": true
}