{
  "n_clusters": 4,
  "seq_length": 10,
  "difficulty_levels": 10,
  "hidden_size": 128,
  "ensemble_alpha": 0.65,
  "input_size": 20,
  "pc_bkt_state": {
    "n_clusters": 4,
    "p_know_cap": 0.95,
    "p_guess": {
      "BUD10_01_01": 0.15384615384615385,
      "BUD10_01_02": 0.3333333333333333,
      "BUD10_01_03": 0.25
    },
    "p_slip": {
      "BUD10_01_01": 0.15,
      "BUD10_01_02": 0.23076923076923078,
      "BUD10_01_03": 0.14285714285714285
    },
    "p_transit": {
      "384d7cc5-4d2b-4b80-a3a2-d9dd9ea27844": 0.5,
      "61d6188f-7504-46f9-929d-a649d9195148": 0.25,
      "9afe442e-599b-4651-8007-9d5979dbd4bc": 0.01,
      "c246690d-0695-4ba3-860a-39d04307bb38": 0.1,
      "c280368d-e310-48df-abed-ae4d24dd8bfe": 0.25,
      "cb2dbf74-3844-4bf4-ab08-2663607d532d": 0.25
    },
    "p_know": {
      "384d7cc5-4d2b-4b80-a3a2-d9dd9ea27844": {
        "BUD10_01_01": 0.6994312227052046,
        "BUD10_01_02": 0.95,
        "BUD10_01_03": 0.8923865300146413
      },
      "61d6188f-7504-46f9-929d-a649d9195148": {
        "BUD10_01_01": 0.95,
        "BUD10_01_02": 0.8193157519600853,
        "BUD10_01_03": 0.5697183389431514
      },
      "9afe442e-599b-4651-8007-9d5979dbd4bc": {
        "BUD10_01_01": 0.15
      },
      "c246690d-0695-4ba3-860a-39d04307bb38": {
        "BUD10_01_01": 0.95,
        "BUD10_01_02": 0.95,
        "BUD10_01_03": 0.95
      },
      "c280368d-e310-48df-abed-ae4d24dd8bfe": {
        "BUD10_01_01": 0.7990260899460682,
        "BUD10_01_02": 0.6514542570068746,
        "BUD10_01_03": 0.95
      },
      "cb2dbf74-3844-4bf4-ab08-2663607d532d": {
        "BUD10_01_01": 0.95,
        "BUD10_01_02": 0.9135810562752399,
        "BUD10_01_03": 0.7959592843923503
      },
      "e3300041-73c7-4535-8337-d1141a9d38dd": {
        "BUD10_01_01": 0.95,
        "BUD10_01_02": 0.68849815329294,
        "BUD10_01_03": 0.6355371900826446
      }
    },
    "student_clusters": {
      "384d7cc5-4d2b-4b80-a3a2-d9dd9ea27844": 1,
      "61d6188f-7504-46f9-929d-a649d9195148": 1,
      "9afe442e-599b-4651-8007-9d5979dbd4bc": 2,
      "c246690d-0695-4ba3-860a-39d04307bb38": 0,
      "c280368d-e310-48df-abed-ae4d24dd8bfe": 3,
      "cb2dbf74-3844-4bf4-ab08-2663607d532d": 1
    },
    "cluster_priors": {
      "0": {
        "BUD10_01_01": 0.95,
        "BUD10_01_02": 0.95,
        "BUD10_01_03": 0.95
      },
      "1": {
        "BUD10_01_01": 0.8664770742350681,
        "BUD10_01_02": 0.8942989360784418,
        "BUD10_01_03": 0.7526880511167143
      },
      "2": {
        "BUD10_01_01": 0.01726472153816457,
        "BUD10_01_02": 0.5,
        "BUD10_01_03": 0.5
      },
      "3": {
        "BUD10_01_01": 0.7990260899460682,
        "BUD10_01_02": 0.6514542570068746,
        "BUD10_01_03": 0.95
      }
    },
    "kc_ids": [
      "BUD10_01_01",
      "BUD10_01_02",
      "BUD10_01_03"
    ],
    "student_ids": [
      "384d7cc5-4d2b-4b80-a3a2-d9dd9ea27844",
      "61d6188f-7504-46f9-929d-a649d9195148",
      "9afe442e-599b-4651-8007-9d5979dbd4bc",
      "c246690d-0695-4ba3-860a-39d04307bb38",
      "c280368d-e310-48df-abed-ae4d24dd8bfe",
      "cb2dbf74-3844-4bf4-ab08-2663607d532d"
    ],
    "is_fitted": true
  },
  "problem_difficulties": {
    "BUD10_01_01": 5,
    "BUD10_01_02": 6,
    "BUD10_01_03": 6
  },
  "is_fitted": true
}